time/ade,time,complete,plan,hemi,norm plan,norm hemi
177,0,20.71039124,19.55055287,18.35,0.943997274,0.886028651
177.0208333,0.5,20.54080563,19.44135213,17.85,0.946474665,0.869001943
177.0416667,1,20.10698824,18.96715697,17.35,0.943311686,0.862884077
177.0625,1.5,19.70287605,18.50308225,16.85,0.939105652,0.855205096
177.0833333,2,19.28062216,18.09188164,16.85,0.938345324,0.873934454
177.1041667,2.5,19.03560196,17.80016463,16.35,0.935098594,0.858916888
177.125,3,18.67526757,17.43134355,16.35,0.933391904,0.875489464
177.1458333,3.5,18.39432455,17.16618618,15.85,0.933232756,0.861678827
177.1666667,4,18.20890168,16.98560775,15.35,0.932818906,0.842994282
177.1875,4.5,17.85863807,16.62987072,15.35,0.93119479,0.85952803
177.2083333,5,17.70004733,16.58572307,15.35,0.937043996,0.867229319
177.2291667,5.5,17.73983449,16.86275671,15.35,0.950558853,0.865284285
177.25,6,18.17380217,17.61833643,16.35,0.969435909,0.899646637
177.2708333,6.5,19.30099006,19.37085863,18.35,1.003619948,0.950728431
177.2916667,7,20.74807478,21.60490267,19.85,1.041296742,0.956715272
177.3125,7.5,22.24244752,23.87380055,22.35,1.073344133,1.004835461
177.3333333,8,23.80043951,25.7469344,24.85,1.081783989,1.044098366
177.3541667,8.5,25.89402162,28.69913001,26.85,1.108330349,1.036918884
177.375,9,27.71525044,30.78660158,28.35,1.110818091,1.022902537
177.3958333,9.5,28.73290967,31.90932656,30.35,1.110549782,1.056280076
177.4166667,10,30.40250659,34.15716312,32.35,1.123498255,1.064057001
177.4375,10.5,32.02352977,36.11566886,34.35,1.127785385,1.072648776
177.4583333,11,33.86497758,38.21373014,35.85,1.128414453,1.05861579
177.4791667,11.5,35.51106297,40.61492463,37.85,1.143725961,1.065865025
177.5,12,37.05704421,42.31315677,39.35,1.141838419,1.061876381
177.5208333,12.5,37.82845487,43.24798044,40.35,1.143265846,1.066657365
177.5416667,13,38.84276804,44.44940324,40.85,1.144341804,1.051675822
177.5625,13.5,39.66093549,45.59489279,42.35,1.149617179,1.067801338
177.5833333,14,40.77864562,47.11595828,42.35,1.15540763,1.038533756
177.6041667,14.5,41.15759244,47.84717078,42.85,1.162535706,1.041120179
177.625,15,40.35835261,46.66555836,42.35,1.156280059,1.049349075
177.6458333,15.5,39.65012383,45.63906042,41.85,1.151044587,1.055482202
177.6666667,16,38.49310096,44.23386765,40.85,1.149137548,1.061229129
177.6875,16.5,37.88213198,43.14766558,39.85,1.138997816,1.05194713
177.7083333,17,36.28176598,40.81749514,38.35,1.125014013,1.057004778
177.7291667,17.5,34.71636534,37.99740724,36.35,1.094509948,1.047056616
177.75,18,31.02553423,31.96924541,34.85,1.030417242,1.123268329
177.7708333,18.5,30.573375,30.90443153,33.35,1.010828262,1.0908184
177.7916667,19,29.64097619,29.49112826,31.85,0.994944568,1.074526014
177.8125,19.5,28.6447411,28.381611,29.35,0.990814017,1.024620886
177.8333333,20,27.3221179,27.07324881,27.35,0.990891296,1.001020496
177.8541667,20.5,26.03607909,25.73025608,25.35,0.988253876,0.973648909
177.875,21,25.30401648,24.71333595,23.85,0.97665665,0.942538115
177.8958333,21.5,24.73267061,23.92227308,22.85,0.967233723,0.923879203
177.9166667,22,24.06100347,23.11934351,21.85,0.960863645,0.908108426
177.9375,22.5,23.32672748,22.31245508,20.85,0.956518873,0.893824478
177.9583333,23,22.75058944,21.65241202,20.35,0.951729716,0.894482319
177.9791667,23.5,0,0,19.85,#DIV/0!,#DIV/0!
178,0,0,0,19.35,#DIV/0!,#DIV/0!
178.0208333,0.5,0,0,18.85,#DIV/0!,#DIV/0!
178.0416667,1,0,0,18.35,#DIV/0!,#DIV/0!
178.0625,1.5,0,0,18.35,#DIV/0!,#DIV/0!
178.0833333,2,0,0,17.85,#DIV/0!,#DIV/0!
178.1041667,2.5,0,0,17.35,#DIV/0!,#DIV/0!
178.125,3,0,0,17.35,#DIV/0!,#DIV/0!
178.1458333,3.5,0,0,16.85,#DIV/0!,#DIV/0!
178.1666667,4,0,0,16.85,#DIV/0!,#DIV/0!
178.1875,4.5,0,0,16.35,#DIV/0!,#DIV/0!
178.2083333,5,0,0,16.35,#DIV/0!,#DIV/0!
178.2291667,5.5,0,0,16.85,#DIV/0!,#DIV/0!
178.25,6,0,0,17.35,#DIV/0!,#DIV/0!
178.2708333,6.5,0,0,18.85,#DIV/0!,#DIV/0!
178.2916667,7,0,0,20.85,#DIV/0!,#DIV/0!
178.3125,7.5,0,0,22.85,#DIV/0!,#DIV/0!
178.3333333,8,0,0,25.85,#DIV/0!,#DIV/0!
178.3541667,8.5,0,0,28.35,#DIV/0!,#DIV/0!
178.375,9,0,0,29.35,#DIV/0!,#DIV/0!
178.3958333,9.5,0,0,32.35,#DIV/0!,#DIV/0!
178.4166667,10,0,0,34.85,#DIV/0!,#DIV/0!
178.4375,10.5,0,0,35.85,#DIV/0!,#DIV/0!
178.4583333,11,0,0,37.35,#DIV/0!,#DIV/0!
178.4791667,11.5,0,0,38.85,#DIV/0!,#DIV/0!
178.5,12,0,0,36.85,#DIV/0!,#DIV/0!
178.5208333,12.5,0,0,36.35,#DIV/0!,#DIV/0!
178.5416667,13,0,0,34.85,#DIV/0!,#DIV/0!
178.5625,13.5,0,0,32.85,#DIV/0!,#DIV/0!
178.5833333,14,0,0,35.85,#DIV/0!,#DIV/0!
178.6041667,14.5,0,0,30.85,#DIV/0!,#DIV/0!
178.625,15,0,0,31.35,#DIV/0!,#DIV/0!
178.6458333,15.5,0,0,30.85,#DIV/0!,#DIV/0!
178.6666667,16,0,0,29.85,#DIV/0!,#DIV/0!
178.6875,16.5,0,0,28.35,#DIV/0!,#DIV/0!
178.7083333,17,0,0,27.85,#DIV/0!,#DIV/0!
178.7291667,17.5,0,0,25.85,#DIV/0!,#DIV/0!
178.75,18,0,0,25.35,#DIV/0!,#DIV/0!
178.7708333,18.5,0,0,26.35,#DIV/0!,#DIV/0!
178.7916667,19,0,0,25.35,#DIV/0!,#DIV/0!
178.8125,19.5,0,0,23.85,#DIV/0!,#DIV/0!
178.8333333,20,0,0,21.85,#DIV/0!,#DIV/0!
178.8541667,20.5,0,0,21.35,#DIV/0!,#DIV/0!
178.875,21,0,0,20.35,#DIV/0!,#DIV/0!
178.8958333,21.5,0,0,20.35,#DIV/0!,#DIV/0!
178.9166667,22,0,0,19.85,#DIV/0!,#DIV/0!
178.9375,22.5,0,0,19.35,#DIV/0!,#DIV/0!
178.9583333,23,0,0,18.85,#DIV/0!,#DIV/0!
178.9791667,23.5,0,0,19.35,#DIV/0!,#DIV/0!
179,0,0,0,18.85,#DIV/0!,#DIV/0!
179.0208333,0.5,0,0,19.35,#DIV/0!,#DIV/0!
179.0416667,1,0,0,18.85,#DIV/0!,#DIV/0!
179.0625,1.5,0,0,18.85,#DIV/0!,#DIV/0!
179.0833333,2,0,0,18.35,#DIV/0!,#DIV/0!
179.1041667,2.5,0,0,18.35,#DIV/0!,#DIV/0!
179.125,3,0,0,18.35,#DIV/0!,#DIV/0!
179.1458333,3.5,0,0,18.85,#DIV/0!,#DIV/0!
179.1666667,4,0,0,18.35,#DIV/0!,#DIV/0!
179.1875,4.5,0,0,17.85,#DIV/0!,#DIV/0!
179.2083333,5,0,0,17.35,#DIV/0!,#DIV/0!
179.2291667,5.5,0,0,17.35,#DIV/0!,#DIV/0!
179.25,6,0,0,17.35,#DIV/0!,#DIV/0!
179.2708333,6.5,0,0,17.35,#DIV/0!,#DIV/0!
179.2916667,7,0,0,17.85,#DIV/0!,#DIV/0!
179.3125,7.5,0,0,18.35,#DIV/0!,#DIV/0!
179.3333333,8,0,0,19.35,#DIV/0!,#DIV/0!
179.3541667,8.5,0,0,20.35,#DIV/0!,#DIV/0!
179.375,9,0,0,21.85,#DIV/0!,#DIV/0!
179.3958333,9.5,0,0,24.85,#DIV/0!,#DIV/0!
179.4166667,10,0,0,25.85,#DIV/0!,#DIV/0!
179.4375,10.5,0,0,28.85,#DIV/0!,#DIV/0!
179.4583333,11,0,0,29.35,#DIV/0!,#DIV/0!
179.4791667,11.5,0,0,31.35,#DIV/0!,#DIV/0!
179.5,12,0,0,27.85,#DIV/0!,#DIV/0!
179.5208333,12.5,0,0,28.85,#DIV/0!,#DIV/0!
179.5416667,13,0,0,29.85,#DIV/0!,#DIV/0!
179.5625,13.5,0,0,30.85,#DIV/0!,#DIV/0!
179.5833333,14,0,0,26.85,#DIV/0!,#DIV/0!
179.6041667,14.5,0,0,30.85,#DIV/0!,#DIV/0!
179.625,15,0,0,31.85,#DIV/0!,#DIV/0!
179.6458333,15.5,0,0,27.85,#DIV/0!,#DIV/0!
179.6666667,16,0,0,25.85,#DIV/0!,#DIV/0!
179.6875,16.5,0,0,24.35,#DIV/0!,#DIV/0!
179.7083333,17,0,0,24.85,#DIV/0!,#DIV/0!
179.7291667,17.5,0,0,24.85,#DIV/0!,#DIV/0!
179.75,18,0,0,24.35,#DIV/0!,#DIV/0!
179.7708333,18.5,0,0,25.85,#DIV/0!,#DIV/0!
179.7916667,19,0,0,24.35,#DIV/0!,#DIV/0!
179.8125,19.5,0,0,23.35,#DIV/0!,#DIV/0!
179.8333333,20,0,0,20.35,#DIV/0!,#DIV/0!
179.8541667,20.5,0,0,19.85,#DIV/0!,#DIV/0!
179.875,21,0,0,18.85,#DIV/0!,#DIV/0!
179.8958333,21.5,0,0,18.85,#DIV/0!,#DIV/0!
179.9166667,22,0,0,18.35,#DIV/0!,#DIV/0!
179.9375,22.5,0,0,17.35,#DIV/0!,#DIV/0!
179.9583333,23,0,0,16.35,#DIV/0!,#DIV/0!
179.9791667,23.5,0,0,15.85,#DIV/0!,#DIV/0!
180,0,0,0,15.35,#DIV/0!,#DIV/0!
180.0208333,0.5,0,0,14.85,#DIV/0!,#DIV/0!
180.0416667,1,0,0,14.35,#DIV/0!,#DIV/0!
180.0625,1.5,0,0,13.85,#DIV/0!,#DIV/0!
180.0833333,2,0,0,13.35,#DIV/0!,#DIV/0!
180.1041667,2.5,0,0,13.35,#DIV/0!,#DIV/0!
180.125,3,0,0,12.85,#DIV/0!,#DIV/0!
180.1458333,3.5,0,0,12.85,#DIV/0!,#DIV/0!
180.1666667,4,0,0,12.35,#DIV/0!,#DIV/0!
180.1875,4.5,0,0,11.85,#DIV/0!,#DIV/0!
180.2083333,5,0,0,12.35,#DIV/0!,#DIV/0!
180.2291667,5.5,0,0,12.85,#DIV/0!,#DIV/0!
180.25,6,0,0,14.35,#DIV/0!,#DIV/0!
180.2708333,6.5,0,0,15.35,#DIV/0!,#DIV/0!
180.2916667,7,0,0,16.85,#DIV/0!,#DIV/0!
180.3125,7.5,0,0,18.85,#DIV/0!,#DIV/0!
180.3333333,8,0,0,21.35,#DIV/0!,#DIV/0!
180.3541667,8.5,0,0,23.35,#DIV/0!,#DIV/0!
180.375,9,0,0,25.85,#DIV/0!,#DIV/0!
180.3958333,9.5,26.21915624,29.37198538,27.35,1.120249069,1.043130441
180.4166667,10,27.97175509,31.39199359,28.85,1.122274719,1.031397562
180.4375,10.5,28.86011752,32.3469968,29.85,1.120819996,1.034299323
180.4583333,11,30.49850638,34.63036398,33.35,1.135477376,1.093496173
180.4791667,11.5,31.13758938,35.34312961,33.85,1.135063128,1.087110489
180.5,12,32.0813414,36.53607595,35.35,1.13885749,1.101886594
180.5208333,12.5,30.584693,34.05463975,32.35,1.113453706,1.057718644
180.5416667,13,32.96328318,37.44579034,36.85,1.135984851,1.117910488
180.5625,13.5,33.29086199,37.78010957,36.85,1.134849244,1.106910359
180.5833333,14,34.13785589,38.5328374,37.35,1.128742166,1.094093317
180.6041667,14.5,34.26253393,38.8972522,37.35,1.135270739,1.090112018
180.625,15,32.89697635,36.87557503,36.35,1.120941166,1.104964773
180.6458333,15.5,32.00759481,36.41801034,36.35,1.137792782,1.135667963
180.6666667,16,30.50304344,34.418104,30.85,1.128349834,1.01137449
180.6875,16.5,28.98679248,31.95978589,29.85,1.102563725,1.029779339
180.7083333,17,27.9315697,30.89483839,30.85,1.106090303,1.104485009
180.7291667,17.5,26.11926619,28.25441048,28.85,1.081745952,1.104548642
180.75,18,25.89352612,27.15884271,27.85,1.048866137,1.075558418
180.7708333,18.5,24.6646122,24.995143,26.85,1.013401013,1.088604182
180.7916667,19,24.0113424,24.10236378,25.35,1.003790766,1.055751052
180.8125,19.5,23.37502588,23.51004397,23.35,1.005776168,0.998929375
180.8333333,20,22.17956639,22.15940856,21.35,0.999091153,0.962597718
180.8541667,20.5,20.58282978,20.4000066,19.35,0.991117685,0.94010397
180.875,21,19.80179993,19.43082865,18.35,0.98126578,0.926683436
180.8958333,21.5,19.33371032,18.86844992,17.85,0.975935276,0.923257859
180.9166667,22,18.7533815,18.2000877,16.85,0.970496319,0.898504625
180.9375,22.5,18.32176817,17.66658248,16.35,0.96424004,0.89238112
180.9583333,23,17.93775847,17.21004851,15.85,0.959431388,0.883610961
180.9791667,23.5,17.27451038,16.53997597,15.35,0.957478713,0.888592479
181,0,16.95059144,16.1415359,14.85,0.952269776,0.876075626
181.0208333,0.5,16.65802498,15.871642,14.35,0.952792544,0.861446661
181.0416667,1,16.3730332,15.56467197,13.85,0.950628499,0.845903128
181.0625,1.5,16.09978908,15.32883662,13.85,0.952114126,0.860259717
181.0833333,2,15.66704538,14.90439126,13.35,0.951321127,0.852107062
181.1041667,2.5,15.09810116,14.37244122,12.85,0.951937006,0.851100404
181.125,3,14.95425852,14.21306618,12.85,0.950436035,0.859287004
181.1458333,3.5,14.47290671,13.78747756,12.35,0.952640532,0.853318566
181.1666667,4,14.21563383,13.53741121,12.35,0.95229037,0.868761826
181.1875,4.5,14.13265731,13.45574565,11.85,0.952103016,0.838483502
181.2083333,5,13.59059468,12.72484449,11.85,0.936297844,0.871926525
181.2291667,5.5,13.80367703,13.3472643,12.35,0.966935424,0.894689145
181.25,6,13.87760653,13.60522053,12.85,0.980372264,0.925952179
181.2708333,6.5,15.09908699,15.39740624,14.35,1.019757436,0.95038859
181.2916667,7,16.52003705,17.5523374,16.85,1.062487774,1.019973499
181.3125,7.5,18.30508155,19.71306009,18.85,1.076917359,1.029768698
181.3333333,8,19.71355369,21.32489953,20.85,1.081737969,1.057647968
181.3541667,8.5,21.88767102,24.18907892,23.35,1.105146313,1.066810625
181.375,9,23.84130252,26.68139719,25.35,1.119124979,1.063280833
181.3958333,9.5,26.13061525,29.4923048,27.85,1.12864946,1.065799627
181.4166667,10,28.11922842,31.89344451,30.35,1.134221894,1.079332603
181.4375,10.5,29.4242858,33.32744751,32.85,1.132651027,1.116424719
181.4583333,11,30.99541888,34.88395177,34.35,1.125455084,1.108228288
181.4791667,11.5,32.48604858,36.59390471,35.35,1.126449855,1.088159427
181.5,12,33.97848481,38.66158805,37.35,1.137825547,1.099225001
181.5208333,12.5,35.11704327,40.040097,38.85,1.14018987,1.106300428
181.5416667,13,35.83432175,40.78078241,38.85,1.138036955,1.084156141
181.5625,13.5,36.35250004,41.30183613,39.85,1.136148438,1.096210713
181.5833333,14,36.62021934,41.62803257,39.85,1.136749952,1.08819665
181.6041667,14.5,36.69406085,41.78418109,39.85,1.138717823,1.086006811
181.625,15,36.22255219,41.48152864,39.35,1.145185144,1.086339797
181.6458333,15.5,35.63428415,40.86357903,37.85,1.146748981,1.062179328
181.6666667,16,34.86363112,39.868572,37.85,1.143557648,1.085658573
181.6875,16.5,34.21214069,39.12742573,35.85,1.143670783,1.047873629
181.7083333,17,32.56277197,36.56179057,34.35,1.122809526,1.054885623
181.7291667,17.5,30.95660818,33.87340866,32.35,1.094222224,1.045011127
181.75,18,29.46134725,31.39372132,30.85,1.065590146,1.047134733
181.7708333,18.5,28.17393345,29.12935812,28.85,1.033911653,1.023996172
181.7916667,19,27.26261396,27.82272171,27.35,1.020544903,1.003205343
181.8125,19.5,26.09832027,26.4600628,25.85,1.013860759,0.990485201
181.8333333,20,24.66184825,24.88631687,23.85,1.009101857,0.967080803
181.8541667,20.5,23.22386755,23.22727133,21.85,1.000146564,0.940842431
181.875,21,22.26858626,22.09508208,20.85,0.992208568,0.936296528
181.8958333,21.5,21.6758696,21.32946191,19.85,0.984018741,0.915764875
181.9166667,22,21.17158996,20.71862887,19.35,0.97860524,0.913960644
181.9375,22.5,20.83371813,20.41662091,18.85,0.979979703,0.904783289
181.9583333,23,20.40788838,19.92954586,18.35,0.976560901,0.899162111
181.9791667,23.5,20.03009998,19.5278722,17.85,0.974926347,0.891158807
182,0,20.15847391,19.82769745,18.35,0.983591195,0.910287162
182.0208333,0.5,19.9378541,19.632878,17.85,0.984703665,0.895281905
182.0416667,1,19.82108349,19.66137988,18.35,0.99194274,0.925781883
182.0625,1.5,19.41749137,19.27298753,18.35,0.992558059,0.945024239
182.0833333,2,19.31961394,19.17184026,17.85,0.992351106,0.923931506
182.1041667,2.5,19.14303308,18.89952081,17.35,0.987279327,0.906334954
182.125,3,18.56692148,18.12878847,16.35,0.976402496,0.880598327
182.1458333,3.5,17.9436057,17.35336249,15.35,0.967105652,0.855457942
182.1666667,4,17.32321168,16.66279563,15.35,0.961876813,0.886094351
182.1875,4.5,16.93421888,16.33746672,14.85,0.964760574,0.876922644
182.2083333,5,16.79447527,16.21055899,14.85,0.965231645,0.88421935
182.2291667,5.5,16.64241194,16.20653715,14.85,0.973809398,0.892298548
182.25,6,16.85769201,16.8079791,15.85,0.997051025,0.940223608
182.2708333,6.5,18.0410696,18.52807802,17.85,1.026994432,0.989409187
182.2916667,7,19.09159418,19.88992675,18.85,1.04181592,0.987345521
182.3125,7.5,20.43382718,21.56051139,20.35,1.055138188,0.995897627
182.3333333,8,20.71909061,21.87728411,20.85,1.055899823,1.006318298
182.3541667,8.5,22.90879372,24.74987785,23.85,1.080365826,1.041084934
182.375,9,24.8584604,27.45403926,27.85,1.104414305,1.120342915
182.3958333,9.5,27.02090988,29.9481377,28.85,1.108331949,1.067691655
182.4166667,10,29.93915763,33.33718727,31.85,1.113497838,1.063824186
182.4375,10.5,30.55545236,33.87148966,33.35,1.108525224,1.091458232
182.4583333,11,33.23928927,37.25404126,36.35,1.120783328,1.093585356
182.4791667,11.5,34.24726164,38.5861285,37.85,1.126692373,1.105197852
182.5,12,36.3971658,40.95573277,39.85,1.125245108,1.094865469
182.5208333,12.5,36.5502662,40.86558789,39.85,1.118065397,1.090279337
182.5416667,13,38.19907952,42.93890684,41.85,1.124082239,1.095576138
182.5625,13.5,37.53363316,42.12062253,40.85,1.122210108,1.088357203
182.5833333,14,38.11909446,42.84645338,41.35,1.124015509,1.084758192
182.6041667,14.5,38.796547,43.92459539,41.85,1.132177959,1.078704247
182.625,15,36.43978591,40.71876462,37.85,1.117426011,1.038699846
182.6458333,15.5,36.61378233,41.16122909,39.85,1.12420041,1.088387964
182.6666667,16,35.05537866,38.77752732,37.85,1.106179103,1.079720187
182.6875,16.5,34.00267533,37.22903011,35.85,1.094885321,1.054328804
182.7083333,17,32.4008814,34.94611289,34.35,1.07855439,1.060156345
182.7291667,17.5,31.3350242,33.2294801,33.35,1.060458096,1.064304268
182.75,18,30.18391022,31.47660469,32.35,1.04282727,1.071763061
182.7708333,18.5,29.17979089,29.84282477,30.85,1.022722366,1.057238557
182.7916667,19,28.31142308,28.48598801,28.35,1.006165883,1.001362592
182.8125,19.5,27.08276936,27.14473093,26.85,1.002287859,0.99140526
182.8333333,20,26.23945103,26.46961982,25.85,1.00877186,0.985157806
182.8541667,20.5,25.72580942,25.88916925,24.85,1.006350037,0.965956001
182.875,21,25.31496101,25.37821639,24.35,1.002498735,0.96188179
182.8958333,21.5,24.6688497,24.52434095,23.85,0.994142056,0.966806328
182.9166667,22,24.47537774,24.35290588,23.35,0.99499612,0.954020005
182.9375,22.5,24.27333583,24.18509094,23.35,0.996364534,0.961960901
182.9583333,23,23.82847062,23.6787093,22.85,0.993715026,0.958936911
182.9791667,23.5,22.94768,22.38379708,20.85,0.975427454,0.908588581
183,0,22.18598442,21.36063997,19.35,0.962798836,0.872172252
183.0208333,0.5,20.84135519,19.9959464,18.85,0.959435997,0.904451742
183.0416667,1,20.20560118,19.33591017,18.85,0.956957925,0.932909634
183.0625,1.5,20.06484768,19.21546142,18.35,0.957667944,0.914534727
183.0833333,2,19.87836096,18.99127621,18.35,0.955374351,0.923114337
183.1041667,2.5,19.47174227,18.76949622,18.35,0.96393512,0.942391274
183.125,3,19.38346142,18.6703438,17.85,0.963209996,0.920888154
183.1458333,3.5,19.19315986,18.58148251,17.85,0.968130451,0.930018826
183.1666667,4,19.20614763,18.67001271,17.85,0.972085245,0.92938992
183.1875,4.5,19.1851549,18.82146577,17.85,0.981043201,0.930406874
183.2083333,5,19.38825669,19.0338788,18.35,0.981722034,0.946449198
183.2291667,5.5,19.49784988,19.20157204,18.35,0.984804589,0.941129412
183.25,6,19.68201032,19.37339904,18.35,0.984320134,0.932323462
183.2708333,6.5,19.77477112,19.57988738,18.85,0.99014483,0.9532348
183.2916667,7,19.89567343,19.83471151,18.85,0.996935921,0.94744217
183.3125,7.5,19.52324728,19.33976873,18.35,0.990602048,0.939905116
183.3333333,8,20.23076144,20.43197929,19.35,1.009946133,0.956464247
183.3541667,8.5,20.59860038,20.92738299,19.85,1.015961405,0.963657706
183.375,9,20.71657603,20.9874133,20.35,1.013073457,0.982305183
183.3958333,9.5,20.98429569,21.17854739,20.35,1.009257004,0.969772839
183.4166667,10,20.6083355,20.74880654,19.85,1.006816224,0.963202487
183.4375,10.5,20.41125594,20.49893081,19.35,1.004295418,0.948006338
183.4583333,11,19.95389575,19.95177531,18.85,0.999893733,0.944677683
183.4791667,11.5,19.58365243,19.81988558,19.35,1.012062773,0.988069006
183.5,12,19.48252693,19.76479283,19.35,1.014488156,0.993197652
183.5208333,12.5,19.90151647,20.18429838,19.85,1.014209064,0.99741143
183.5416667,13,20.24715937,20.61310091,20.35,1.018073723,1.005079262
183.5625,13.5,20.05848314,20.22629149,19.35,1.008365954,0.964679127
183.5833333,14,20.26830434,20.51259757,19.85,1.012052968,0.979361651
183.6041667,14.5,21.03576513,21.78000627,21.35,1.035379799,1.014938124
183.625,15,20.83867532,21.40734279,20.85,1.027289041,1.000543445
183.6458333,15.5,21.11437683,21.54650086,20.85,1.020465867,0.987478824
183.6666667,16,20.86778128,21.2672785,20.35,1.019144212,0.975187526
183.6875,16.5,21.24596254,21.90434438,21.35,1.030988563,1.004896811
183.7083333,17,21.25724979,21.91928537,21.85,1.03114399,1.027884614
183.7291667,17.5,21.47053379,22.12474128,21.85,1.030470015,1.017673814
183.75,18,21.66779525,22.35927053,21.85,1.031912582,1.008409012
183.7708333,18.5,21.5152084,22.04258525,20.85,1.024511817,0.969081945
183.7916667,19,20.84588641,21.13791067,20.35,1.014008724,0.976211786
183.8125,19.5,20.39039206,20.52805811,19.35,1.006751516,0.948976358
183.8333333,20,20.20021971,20.42243497,19.85,1.011000636,0.982662579
183.8541667,20.5,19.76344835,19.83736209,18.85,1.003739921,0.953780923
183.875,21,19.65690309,19.68744647,18.85,1.001553825,0.95895065
183.8958333,21.5,19.47124704,19.46867771,18.85,0.999868045,0.968094132
183.9166667,22,19.43534057,19.3947679,18.35,0.997912428,0.944156339
183.9375,22.5,19.38634265,19.33166452,18.35,0.997179554,0.946542643
183.9583333,23,19.35335285,19.27003746,18.35,0.995695041,0.948156123
183.9791667,23.5,19.14383788,18.97480976,17.85,0.991170625,0.932414917
184,0,18.97533232,18.79336628,17.85,0.99041039,0.940694987
184.0208333,0.5,18.62965812,18.49188363,17.85,0.992604562,0.958149628
184.0416667,1,18.59573759,18.51964689,17.85,0.995908164,0.959897391
184.0625,1.5,18.19439708,18.07935465,17.35,0.993677041,0.953590269
184.0833333,2,18.3384119,18.21818495,17.35,0.993443982,0.946101554
184.1041667,2.5,17.80379922,17.56386666,16.85,0.986523519,0.946427209
184.125,3,17.26312315,16.68227293,15.35,0.966353121,0.889178619
184.1458333,3.5,16.67840837,16.01840026,14.85,0.960427393,0.890372731
184.1666667,4,16.25042272,15.74170189,14.85,0.968694917,0.913822382
184.1875,4.5,15.93688973,15.41670324,14.85,0.967359598,0.931800386
184.2083333,5,16.24038889,15.95235219,15.85,0.982264174,0.975961851
184.2291667,5.5,16.30162986,15.98541573,15.35,0.9806023,0.941623637
184.25,6,16.86095938,16.66922232,15.85,0.988628342,0.940041408
184.2708333,6.5,17.85480109,18.31439247,17.85,1.025740493,0.999731104
184.2916667,7,19.60462136,20.7796134,19.85,1.059934442,1.012516367
184.3125,7.5,21.50585159,23.21336279,21.85,1.079397516,1.016002548
184.3333333,8,22.65210678,24.58891463,23.85,1.085502327,1.052882199
184.3541667,8.5,25.15121905,27.73208456,25.85,1.102613933,1.027783184
184.375,9,26.73923149,29.47937227,27.35,1.102476423,1.022841663
184.3958333,9.5,28.37235346,31.58343521,29.85,1.113176433,1.052080507
184.4166667,10,29.80638041,33.21134788,32.35,1.114236194,1.085338091
184.4375,10.5,33.41267124,37.86522854,36.85,1.133259543,1.102875006
184.4583333,11,33.37934169,37.08735555,36.35,1.111087088,1.088996911
184.4791667,11.5,33.3084277,36.48034386,35.35,1.095228637,1.061292965
184.5,12,31.63134032,33.37397043,31.35,1.055091883,0.991105647
184.5208333,12.5,28.64374626,30.1454342,27.85,1.052426381,0.972289021
184.5416667,13,27.18849067,28.64308213,27.35,1.053500265,1.005940357
184.5625,13.5,26.74542107,28.36175889,28.35,1.060434189,1.059994529
184.5833333,14,27.08617896,28.80806291,28.35,1.063570574,1.046659259
184.6041667,14.5,27.5472891,29.39694597,29.35,1.067144788,1.065440592
184.625,15,25.87178636,26.74848744,25.85,1.033886376,0.99915791
184.6458333,15.5,25.69176967,26.41344705,24.85,1.028089828,0.967235824
184.6666667,16,24.85945899,25.82088343,25.35,1.038674391,1.01973257
184.6875,16.5,23.44024714,23.50326168,22.85,1.002688305,0.974819074
184.7083333,17,22.71894141,22.54047602,21.35,0.992144643,0.93974449
184.7291667,17.5,22.64675416,22.5073242,21.35,0.993843269,0.942739955
184.75,18,22.52717121,22.66788495,22.35,1.006246401,0.992135222
184.7708333,18.5,23.10659431,23.51825744,23.85,1.017815829,1.03217288
184.7916667,19,23.03728976,23.3152121,22.85,1.012064021,0.991870148
184.8125,19.5,22.76171375,22.84984428,22.35,1.003871876,0.981912005
184.8333333,20,22.48757365,22.55969765,21.85,1.003207283,0.971647735
184.8541667,20.5,22.06416876,22.00126218,20.85,0.997148926,0.944971018
184.875,21,21.79625362,21.64439239,20.85,0.993032691,0.95658641
184.8958333,21.5,21.40193363,21.19910467,20.35,0.990522868,0.950848664
184.9166667,22,20.39007261,19.77455285,16.85,0.969812772,0.82638254
184.9375,22.5,19.97484363,19.26099336,16.35,0.964262535,0.818529562
184.9583333,23,17.69519088,17.28988195,16.85,0.977094967,0.952236125
184.9791667,23.5,17.73680223,17.20313526,16.35,0.969911883,0.921812161
185,0,18.07677922,17.56323325,16.35,0.971590848,0.904475283
185.0208333,0.5,17.70842764,17.19555789,15.85,0.971038097,0.895054057
185.0416667,1,17.24237485,16.79307177,15.85,0.973941926,0.919246922
185.0625,1.5,17.09634956,16.63221506,15.35,0.972851837,0.897852489
185.0833333,2,16.54080371,16.06126769,15.35,0.971008905,0.928008111
185.1041667,2.5,15.9154928,15.2089736,14.35,0.955608085,0.901637177
185.125,3,15.4996514,14.8512799,13.85,0.95816864,0.893568484
185.1458333,3.5,15.55052138,15.1918529,13.85,0.976935276,0.890645378
185.1666667,4,15.17812311,14.67262466,12.85,0.966695589,0.846613241
185.1875,4.5,15.28470422,14.89116878,13.35,0.974252989,0.873422201
185.2083333,5,14.55962485,14.06414068,12.85,0.965968617,0.882577685
185.2291667,5.5,14.90107023,14.43233653,12.35,0.968543622,0.82879953
185.25,6,14.75479059,14.39050303,13.35,0.975310557,0.904790882
185.2708333,6.5,14.84688323,14.62322307,13.85,0.984935548,0.932855724
185.2916667,7,15.15442164,14.90246939,14.35,0.983374341,0.946918354
185.3125,7.5,16.81121747,17.0770527,16.85,1.015812968,1.002306944
185.3333333,8,16.60696378,17.01361297,17.35,1.024486667,1.044742448
185.3541667,8.5,18.50042345,18.59351168,17.35,1.005031681,0.937816372
185.375,9,17.29474627,17.3041136,16.35,1.000541629,0.9453738
185.3958333,9.5,18.2193216,18.6842322,18.35,1.025517448,1.007172517
185.4166667,10,17.43471138,17.75161278,17.35,1.018176464,0.995141223
185.4375,10.5,18.68359735,19.01426041,18.35,1.01769804,0.982144908
185.4583333,11,18.23857194,18.75081592,18.85,1.02808575,1.0335239
185.4791667,11.5,21.87758881,24.13713274,24.85,1.103281214,1.135865575
185.5,12,21.13346144,22.67933378,23.85,1.07314809,1.128542055
185.5208333,12.5,23.7616933,25.5805205,25.85,1.076544511,1.087885433
185.5416667,13,23.27098154,24.72168093,23.85,1.062339416,1.024881566
185.5625,13.5,24.95286993,26.77482793,26.35,1.07301597,1.055990757
185.5833333,14,24.36725617,26.50196008,27.35,1.087605428,1.122407866
185.6041667,14.5,25.49541594,27.62885806,28.35,1.08367944,1.111964601
185.625,15,26.4764426,28.95593371,30.35,1.093648952,1.146302034
185.6458333,15.5,25.71070544,27.65074325,27.35,1.075456421,1.063759222
185.6666667,16,26.74213481,28.88567576,29.35,1.08015594,1.097518961
185.6875,16.5,25.39328672,27.28317128,26.35,1.074424575,1.037675835
185.7083333,17,24.64718813,26.38027606,24.35,1.070315848,0.987942311
185.7291667,17.5,24.37975997,25.75984177,23.85,1.056607686,0.978270501
185.75,18,23.8203008,25.26818803,24.35,1.060783751,1.022237301
185.7708333,18.5,23.12120384,24.19071696,23.35,1.046256809,1.009895512
185.7916667,19,21.60755543,21.69991322,19.85,1.004274329,0.918660145
185.8125,19.5,20.37080774,20.17042479,19.35,0.99016323,0.949888696
185.8333333,20,19.61901477,19.65628717,18.85,1.00189981,0.96080258
185.8541667,20.5,18.85545623,18.43970131,16.85,0.977950419,0.893640535
185.875,21,18.0524903,17.60748603,15.85,0.975349425,0.877995209
185.8958333,21.5,17.31456419,16.61776745,15.35,0.959756611,0.886536896
185.9166667,22,16.62236793,15.94703988,14.85,0.959372332,0.893374522
185.9375,22.5,16.30683626,15.54172874,14.35,0.953080566,0.879999024
185.9583333,23,15.87463693,15.15876245,13.85,0.954904513,0.872460898
185.9791667,23.5,15.38305956,14.6484848,13.35,0.952247811,0.867837763
186,0,14.89265857,14.10034368,12.85,0.946798291,0.862841241
186.0208333,0.5,14.49382964,13.62514036,12.85,0.94006489,0.886584176
186.0416667,1,14.52804515,13.81200626,12.35,0.950713335,0.850079957
186.0625,1.5,14.14120186,13.43544247,11.85,0.950091979,0.837976865
186.0833333,2,13.74694718,12.97898489,11.85,0.944135794,0.862009568
186.1041667,2.5,13.78684527,13.19832443,11.85,0.957312871,0.859514977
186.125,3,13.47865251,12.82039347,11.35,0.951162845,0.842072306
186.1458333,3.5,13.0360003,12.43591718,11.35,0.953967236,0.870665829
186.1666667,4,12.70743155,12.07086522,10.85,0.94990598,0.85383108
186.1875,4.5,12.52058537,11.97034051,10.85,0.956052785,0.866572902
186.2083333,5,12.37464543,11.87624893,10.85,0.959724382,0.876792799
186.2291667,5.5,12.54801319,12.20236384,10.85,0.972453858,0.864678721
186.25,6,12.93246486,12.83922378,11.85,0.992790154,0.916298643
186.2708333,6.5,13.89299109,14.22195667,13.35,1.023678528,0.960916185
186.2916667,7,15.40737941,16.30179934,14.85,1.058051399,0.963823867
186.3125,7.5,17.15038909,18.63406955,17.35,1.086510018,1.011638856
186.3333333,8,18.52833331,20.19048638,19.35,1.08970872,1.044346498
186.3541667,8.5,21.3389959,23.65123713,21.85,1.108357546,1.023946961
186.375,9,23.3343679,26.15881152,24.35,1.121042217,1.04352516
186.3958333,9.5,25.43461502,28.51748615,26.85,1.121207697,1.055647981
186.4166667,10,27.25565535,30.73700234,28.85,1.127729344,1.05849592
186.4375,10.5,29.54713996,33.4715986,31.35,1.132820254,1.061016398
186.4583333,11,31.52047932,35.62734936,33.85,1.130292119,1.073904989
186.4791667,11.5,33.27963554,37.6018793,35.35,1.129876535,1.062211152
186.5,12,34.89436114,39.46080181,37.35,1.130864716,1.070373515
186.5208333,12.5,35.6771443,40.44188793,38.35,1.13355171,1.074917871
186.5416667,13,36.51400109,41.51320787,39.35,1.136912051,1.077668807
186.5625,13.5,38.15402468,43.76995156,39.85,1.147190943,1.044450758
186.5833333,14,37.60939507,42.93619586,40.35,1.141634843,1.072870221
186.6041667,14.5,#DIV/0!,#DIV/0!,40.85,#DIV/0!,#DIV/0!
186.625,15,37.27839163,42.62959895,39.85,1.143547162,1.068983887
186.6458333,15.5,36.82581034,42.39845635,38.85,1.151324464,1.054966602
186.6666667,16,36.15310001,41.68602482,36.85,1.153041504,1.019276355
186.6875,16.5,35.35190093,40.58116953,36.85,1.147920436,1.042376761
186.7083333,17,33.99513469,38.48367555,35.35,1.132034801,1.039854683
186.7291667,17.5,32.54071254,36.0247119,34.35,1.10706586,1.055600733
186.75,18,30.89376826,33.30735331,32.35,1.078125304,1.047136747
186.7708333,18.5,29.06794298,30.28095072,29.85,1.041730086,1.02690445
186.7916667,19,27.9522374,28.68435982,27.85,1.026191908,0.996342425
186.8125,19.5,26.703478,27.24132137,25.85,1.020141323,0.968038695
186.8333333,20,25.7317323,26.29798894,24.85,1.022006161,0.96573366
186.8541667,20.5,24.5740396,24.83862174,23.35,1.010766734,0.950189728
186.875,21,23.79322326,23.86892234,21.85,1.00318154,0.918328709
186.8958333,21.5,23.1314275,23.20244879,21.35,1.003070337,0.922986703
186.9166667,22,22.51117457,22.52281709,20.85,1.000517188,0.926206668
186.9375,22.5,22.02972937,21.89955474,19.85,0.994090957,0.9010551
186.9583333,23,21.77126343,21.65246326,19.85,0.994543258,0.911752322
186.9791667,23.5,21.56417924,21.48458964,19.85,0.996309176,0.920508023
187,0,21.36779417,21.26162996,20.35,0.995031578,0.952367841
187.0208333,0.5,21.25147531,21.18293095,20.35,0.996774607,0.957580577
187.0416667,1,21.22052104,21.09026712,19.85,0.993861889,0.935415298
187.0625,1.5,20.76582774,20.59405597,19.35,0.991728152,0.931819345
187.0833333,2,20.57663381,20.42960487,19.35,0.992854568,0.940387051
187.1041667,2.5,19.99109949,19.80052713,18.85,0.99046714,0.942919623
187.125,3,19.43785191,19.05338137,17.85,0.980220523,0.918311349
187.1458333,3.5,18.73181045,18.27331698,16.85,0.97552327,0.899539318
187.1666667,4,18.61735602,18.25418323,16.85,0.980492784,0.905069441
187.1875,4.5,18.02705802,17.69134798,16.35,0.981377436,0.906969955
187.2083333,5,17.72623931,17.41268877,16.35,0.982311503,0.922361462
187.2291667,5.5,17.60164162,17.32179455,16.35,0.984101081,0.928890632
187.25,6,17.46156343,17.21535929,16.35,0.985900224,0.936342274
187.2708333,6.5,17.35401399,17.17190208,16.35,0.989506064,0.942145143
187.2916667,7,17.62022452,17.56584348,16.85,0.996913714,0.956287474
187.3125,7.5,17.59516225,17.48994629,16.85,0.994020177,0.957649595
187.3333333,8,17.82333079,17.71220881,16.85,0.993765364,0.945390073
187.3541667,8.5,17.83960103,17.80704871,17.35,0.998175278,0.972555382
187.375,9,18.31183286,18.4645889,18.35,1.008341931,1.002084288
187.3958333,9.5,19.06730968,19.48562653,19.85,1.021938955,1.041048807
187.4166667,10,20.33771215,21.25382065,21.85,1.045044816,1.074358799
187.4375,10.5,22.18104315,23.61424229,24.35,1.064613694,1.097784258
187.4583333,11,22.87587342,24.36947241,24.35,1.065291452,1.064440232
187.4791667,11.5,22.99647095,23.98424739,22.35,1.042953392,0.971888254
187.5,12,22.4703261,23.22655481,21.85,1.03365455,0.972393542
187.5208333,12.5,20.51206611,20.8560504,19.35,1.016769851,0.943347193
187.5416667,13,21.46186655,22.35042951,21.85,1.041401942,1.018084795
187.5625,13.5,21.97747775,23.38592297,23.85,1.064085845,1.085201872
187.5833333,14,24.17014718,26.08030058,26.85,1.079029449,1.110874493
187.6041667,14.5,25.19652214,26.76165517,26.35,1.062117027,1.045779249
187.625,15,27.54283984,29.5974813,28.85,1.074598025,1.047459164
187.6458333,15.5,26.25172901,28.28741295,27.85,1.077544757,1.060882504
187.6666667,16,27.76877356,30.02671827,30.85,1.081312367,1.11096012
187.6875,16.5,28.0607958,30.46329253,31.85,1.085617555,1.135035522
187.7083333,17,28.15378865,30.46097204,31.85,1.081949304,1.131286464
187.7291667,17.5,26.74346618,27.84810992,26.35,1.041305182,0.98528739
187.75,18,26.13303729,26.81573398,26.85,1.026123894,1.027435109
187.7708333,18.5,23.70431845,24.27909075,24.35,1.024247578,1.027238984
187.7916667,19,23.95978366,23.90250273,22.35,0.997609288,0.932813097
187.8125,19.5,22.3075619,22.34363668,21.85,1.001617155,0.979488484
187.8333333,20,21.38318441,21.25633721,19.85,0.9940679,0.928299528
187.8541667,20.5,20.04458754,19.58806512,18.85,0.977224654,0.940403486
187.875,21,19.62389631,19.1405312,18.85,0.975368546,0.960563575
187.8958333,21.5,19.81627429,19.61892817,18.85,0.990041209,0.951238347
187.9166667,22,19.78204226,19.64945936,18.85,0.993297815,0.952884427
187.9375,22.5,19.68109275,19.53564131,18.35,0.992609585,0.932366928
187.9583333,23,19.54136046,19.38675774,18.35,0.992088436,0.939033904
187.9791667,23.5,19.50125178,19.32724924,18.35,0.991077366,0.940965237
188,0,19.33371603,19.10870663,17.85,0.988361813,0.923257587
188.0208333,0.5,18.86597389,18.55283101,17.85,0.983401711,0.946147816
188.0416667,1,18.5420862,18.10132074,17.35,0.976228918,0.935709165
188.0625,1.5,18.06767284,17.55314122,16.85,0.971521976,0.932604888
188.0833333,2,17.60105631,17.0290332,15.85,0.967500638,0.900514135
188.1041667,2.5,17.14234141,16.5686076,15.35,0.966531188,0.895443606
188.125,3,17.0895857,16.69575088,16.35,0.976954689,0.956723018
188.1458333,3.5,17.28628874,17.20627326,16.85,0.995371159,0.974760994
188.1666667,4,17.50629468,17.37878418,16.35,0.992716306,0.933949776
188.1875,4.5,17.4451868,17.19944719,16.35,0.985913615,0.937221263
188.2083333,5,17.00665476,16.60887731,15.35,0.976610483,0.902587853
188.2291667,5.5,16.89686987,16.57161259,15.35,0.980750442,0.908452283
188.25,6,16.72186379,16.53594992,15.85,0.988881989,0.947860849
188.2708333,6.5,17.40903826,17.3966497,16.85,0.999288383,0.967888045
188.2916667,7,18.60857387,19.30434364,19.35,1.037389742,1.039843254
188.3125,7.5,19.45650387,20.37664905,20.35,1.047292422,1.045922748
188.3333333,8,21.0448443,22.36695968,22.35,1.062823719,1.062017836
188.3541667,8.5,22.46833527,24.19231027,23.35,1.076729094,1.039240323
188.375,9,24.1023689,26.06473414,24.85,1.08141794,1.031018988
188.3958333,9.5,25.58034634,27.33108532,25.85,1.068440784,1.010541439
188.4166667,10,27.92747706,31.59341125,30.85,1.131266214,1.104646866
188.4375,10.5,27.3635582,30.41186428,28.85,1.111400208,1.054321948
188.4583333,11,31.73067668,34.91647738,32.85,1.100401285,1.035275747
188.4791667,11.5,32.62945222,37.68454843,36.85,1.154924336,1.129347798
188.5,12,36.40024262,41.33193201,40.85,1.135485069,1.122245267
188.5208333,12.5,34.86618434,38.3082658,35.85,1.098722631,1.028216901
188.5416667,13,37.3456301,42.2162509,39.35,1.1304201,1.053670802
188.5625,13.5,35.18097579,39.40381219,36.85,1.120031815,1.0474411
188.5833333,14,34.09337826,37.07055858,32.85,1.087324298,0.963530212
188.6041667,14.5,36.40073406,41.52799248,39.35,1.140855907,1.081022156
188.625,15,35.74866408,40.93372031,39.85,1.145041958,1.11472697
188.6458333,15.5,37.8044124,43.3289929,40.35,1.146135865,1.067335727
188.6666667,16,35.78781842,40.62062612,32.35,1.135040578,0.903938866
188.6875,16.5,36.13082721,41.0689811,36.35,1.136674255,1.006066088
188.7083333,17,34.28468093,38.53859767,35.85,1.124076311,1.045656515
188.7291667,17.5,33.28763918,36.53158606,34.35,1.097451996,1.031914574
188.75,18,31.35245511,33.47968817,32.35,1.067849011,1.031817122
188.7708333,18.5,29.68632813,30.90334193,30.35,1.040995767,1.022356146
188.7916667,19,28.81946553,29.68889827,29.35,1.030168247,1.018408894
188.8125,19.5,27.65854859,28.25230143,27.35,1.021467245,0.988844368
188.8333333,20,26.25381723,26.61626368,25.35,1.013805476,0.965573874
188.8541667,20.5,24.76365763,24.92349213,23.35,1.006454398,0.942914021
188.875,21,23.74857311,23.73365819,22.35,0.999371965,0.941109173
188.8958333,21.5,23.12235397,22.92838319,21.35,0.991611115,0.923348896
188.9166667,22,22.50674172,22.19990605,20.35,0.986366944,0.904173525
188.9375,22.5,21.95683443,21.57191828,19.85,0.982469415,0.904046531
188.9583333,23,21.29830808,20.88069401,18.85,0.980392148,0.885046828
188.9791667,23.5,20.73238765,20.35052775,18.35,0.98158148,0.885088602
189,0,20.19076958,19.77756342,17.85,0.979534898,0.884067342
189.0208333,0.5,19.75890623,19.31126473,17.35,0.977344824,0.878085042
189.0416667,1,19.36579565,18.88214896,17.35,0.975025726,0.895909485
189.0625,1.5,18.97416833,18.48989572,16.85,0.974477268,0.888049463
189.0833333,2,18.61813197,18.18524954,16.35,0.976749417,0.878176179
189.1041667,2.5,18.23397743,17.76547786,16.35,0.974306233,0.896677648
189.125,3,17.73362237,17.29037592,15.85,0.975005307,0.893782424
189.1458333,3.5,17.55134165,17.08893076,15.85,0.973653815,0.903064866
189.1666667,4,17.31173255,16.8453166,15.35,0.973057812,0.886681905
189.1875,4.5,17.10984965,16.66112937,15.35,0.973774154,0.897144061
189.2083333,5,16.8625003,16.45714555,15.35,0.975961172,0.910303913
189.2291667,5.5,16.90352147,16.63995895,15.35,0.984407834,0.908094803
189.25,6,17.29382059,17.29825646,16.35,1.0002565,0.945424403
189.2708333,6.5,18.36729575,18.79551077,17.85,1.023313994,0.971836042
189.2916667,7,20.11732263,21.16962714,19.85,1.052308377,0.986711819
189.3125,7.5,22.03969032,23.60378663,22.35,1.070967254,1.014079584
189.3333333,8,23.24130034,24.93447169,23.85,1.072851834,1.026190431
189.3541667,8.5,25.63170911,28.05429452,26.85,1.094515173,1.047530615
189.375,9,27.89974687,30.88531447,29.35,1.107010562,1.051980871
189.3958333,9.5,30.2446072,33.61787849,32.35,1.111532984,1.069612172
189.4166667,10,32.68992639,36.5450004,34.85,1.117928501,1.066077653
189.4375,10.5,34.12349758,38.0682937,36.35,1.115603511,1.065248365
189.4583333,11,35.37280909,39.31503032,37.85,1.111447785,1.070030935
189.4791667,11.5,37.7356926,42.22581478,40.35,1.118988731,1.069279433
189.5,12,39.00220449,44.17751022,42.35,1.132692646,1.085836058
189.5208333,12.5,40.53306156,45.72489664,43.35,1.128088895,1.069497302
189.5416667,13,41.7470401,47.15384504,44.35,1.129513492,1.062350765
189.5625,13.5,41.73097722,46.98661439,44.35,1.125940908,1.06275968
189.5833333,14,42.69031017,48.32095552,44.85,1.131895161,1.050589696
189.6041667,14.5,42.23300661,47.80677459,44.35,1.131976585,1.050126514
189.625,15,42.69875851,48.60252594,43.85,1.138265552,1.026961943
189.6458333,15.5,41.01036257,46.58742662,43.85,1.135991581,1.069241949
189.6666667,16,39.85242957,44.84974002,41.35,1.125395377,1.037577895
189.6875,16.5,37.4035944,41.26390304,37.35,1.103206889,0.998567132
189.7083333,17,35.62613462,38.7464386,34.85,1.087584691,0.978214459
189.7291667,17.5,35.23999764,38.60805491,37.35,1.095574844,1.059875213
189.75,18,34.04207861,36.7436606,36.35,1.079360077,1.067796136
189.7708333,18.5,33.53856297,35.01847471,34.35,1.044125675,1.02419415
189.7916667,19,32.44901003,33.32275245,32.35,1.026926628,0.99694875
189.8125,19.5,30.90269993,31.56629442,30.35,1.021473674,0.982114834
189.8333333,20,29.50550834,29.97760554,28.35,1.016000307,0.960837538
189.8541667,20.5,28.12089969,28.41709277,26.85,1.010532845,0.954805867
189.875,21,27.23879589,27.32985139,25.35,1.003342861,0.930657879
189.8958333,21.5,26.61668016,26.51433916,24.85,0.996155005,0.933625074
189.9166667,22,26.0365883,25.84216829,23.85,0.992532816,0.916018632
189.9375,22.5,25.51590058,25.23087817,23.35,0.988829616,0.915115652
189.9583333,23,25.11688232,24.86816728,22.85,0.990097695,0.909746668
189.9791667,23.5,24.51147611,24.19219873,22.35,0.986974372,0.911817791
190,0,24.08634157,23.72273248,21.85,0.98490393,0.907153124
190.0208333,0.5,23.41422585,23.08765324,21.35,0.986052385,0.911838817
190.0416667,1,23.04191729,22.65411301,20.85,0.983169618,0.904872617
190.0625,1.5,22.58892389,22.22118086,20.35,0.983720206,0.900883995
190.0833333,2,22.37382725,21.97089347,20.35,0.981990842,0.909544879
190.1041667,2.5,21.89492098,21.52901925,19.85,0.983288283,0.906602952
190.125,3,21.57638034,21.19166152,19.85,0.982169446,0.919987491
190.1458333,3.5,21.33353829,20.97199205,19.35,0.983052683,0.907022536
190.1666667,4,21.14171335,20.84896158,19.35,0.986152884,0.915252216
190.1875,4.5,21.06638348,20.87747245,19.85,0.991032584,0.942259502
190.2083333,5,20.96696845,20.77504178,19.35,0.990846237,0.922880198
190.2291667,5.5,21.06428798,20.95518526,19.85,0.994820489,0.942353239
190.25,6,21.46499832,21.63354025,20.85,1.007851942,0.971348783
190.2708333,6.5,22.39660253,22.9390997,22.35,1.024222298,0.997919214
190.2916667,7,24.02020316,25.33116704,24.35,1.054577551,1.013729977
190.3125,7.5,25.19207364,26.62075309,26.35,1.056711467,1.045963916
190.3333333,8,27.13198514,28.82809042,28.35,1.062513129,1.044892213
190.3541667,8.5,27.21584877,29.21535471,28.85,1.07346844,1.060044103
190.375,9,29.09098246,30.99131761,29.85,1.065323856,1.026091162
190.3958333,9.5,28.85298888,31.02817308,30.35,1.075388523,1.051884092
190.4166667,10,30.22027625,32.12761859,31.35,1.063114656,1.037382972
190.4375,10.5,30.33953482,32.78958332,31.85,1.08075432,1.049785377
190.4583333,11,31.96908802,34.89751189,34.35,1.091601733,1.074475443
190.4791667,11.5,31.80005958,34.32921872,32.85,1.079533157,1.033016933
190.5,12,32.3464971,34.23745921,32.35,1.058459564,1.000108293
190.5208333,12.5,30.80680905,33.02252509,31.35,1.071922932,1.017632172
190.5416667,13,34.57189113,38.22724868,37.35,1.105732068,1.080357446
190.5625,13.5,33.58961862,37.14342212,36.85,1.10580065,1.09706515
190.5833333,14,37.82530787,42.24627559,40.35,1.116878565,1.066746109
190.6041667,14.5,38.50038136,43.39074559,41.85,1.127021189,1.08700222
190.625,15,39.92476543,45.48095351,42.35,1.139166455,1.060745118
190.6458333,15.5,39.75733961,45.11755569,41.85,1.134823309,1.052635826
190.6666667,16,35.66792361,38.95444905,28.35,1.092142326,0.794831802
190.6875,16.5,31.72465511,33.15716746,25.85,1.045154544,0.814823673
190.7083333,17,29.44974276,30.42317861,25.85,1.033054138,0.877766581
190.7291667,17.5,26.57030896,26.98220801,25.35,1.01550223,0.954072459
190.75,18,26.40486776,26.12558439,24.35,0.989423035,0.922178449
190.7708333,18.5,25.78019366,25.74307471,24.85,0.998560176,0.963918283
190.7916667,19,26.47903275,26.72524557,26.35,1.009298407,0.995126984
190.8125,19.5,25.6743803,25.61593831,24.85,0.997723723,0.967890937
190.8333333,20,24.56453156,23.99376046,22.35,0.976764421,0.909848411
190.8541667,20.5,23.45239451,22.74740808,21.35,0.969939682,0.910354804
190.875,21,22.40210521,21.8673767,20.85,0.976130435,0.9307161
190.8958333,21.5,22.10115902,21.68665933,20.85,0.981245341,0.943389438
190.9166667,22,22.09622043,21.81368806,20.85,0.987213543,0.94360029
190.9375,22.5,22.10381823,21.75510608,20.35,0.984223896,0.920655418
190.9583333,23,21.4741461,21.13923897,20.35,0.98440417,0.947651185
190.9791667,23.5,21.06604807,20.52750947,19.35,0.974435708,0.91853963
191,0,20.89092795,20.24676412,19.35,0.96916538,0.926239373
191.0208333,0.5,20.46237375,19.79910249,18.85,0.96758581,0.921202996
191.0416667,1,20.10231248,19.4543352,18.85,0.967766033,0.937703064
191.0625,1.5,19.89472767,19.24897203,18.35,0.967541368,0.922354923
191.0833333,2,19.54914884,18.97821742,18.35,0.970795075,0.938659793
191.1041667,2.5,19.54900892,19.02059709,18.35,0.972969892,0.938666511
191.125,3,19.37816245,18.87304105,17.85,0.973933473,0.921139971
191.1458333,3.5,19.30834359,18.9104957,18.35,0.979395027,0.950366349
191.1666667,4,19.26738135,18.92830015,18.35,0.982401283,0.952386817
191.1875,4.5,19.43533775,19.08886505,18.35,0.982173055,0.944156476
191.2083333,5,19.44208809,19.08424595,18.35,0.98159446,0.943828663
191.2291667,5.5,19.37940477,19.11029504,18.35,0.986113623,0.946881507
191.25,6,19.42855122,19.14053698,18.35,0.985175722,0.944486276
191.2708333,6.5,20.38215702,20.60330986,19.85,1.010850316,0.973891035
191.2916667,7,20.37323027,20.63196128,20.35,1.012699558,0.998859765
191.3125,7.5,21.52635442,21.80319373,21.35,1.012860483,0.991807511
191.3333333,8,22.43405655,23.32818726,23.35,1.039855953,1.040828258
191.3541667,8.5,23.87630342,25.34197603,25.85,1.061386077,1.082663406
191.375,9,23.91635975,24.22145236,24.35,1.012756649,1.018131532
191.3958333,9.5,23.54699014,23.29884845,21.35,0.989461851,0.906697623
191.4166667,10,21.8188742,21.69960943,20.85,0.994533872,0.955594675
191.4375,10.5,20.62190922,20.21197014,19.85,0.980121187,0.962568489
191.4583333,11,20.10941177,19.60719964,18.85,0.975026016,0.937372023
191.4791667,11.5,19.39192884,18.91720661,18.35,0.975519597,0.946269974
191.5,12,18.94902857,18.42825362,17.85,0.972517063,0.942000796
191.5208333,12.5,18.57670834,18.04652339,17.85,0.971459693,0.960880672
191.5416667,13,19.0893183,18.91571268,18.85,0.990905614,0.987463235
191.5625,13.5,19.74892946,19.89667933,19.85,1.007481412,1.005117773
191.5833333,14,19.56329068,19.38272481,19.85,0.990770169,1.014655475
191.6041667,14.5,19.63424414,19.42041341,19.35,0.989109297,0.985523041
191.625,15,18.89603817,18.48691534,18.35,0.978348751,0.971103034
191.6458333,15.5,19.30542921,19.20577529,18.85,0.994838036,0.976409268
191.6666667,16,18.70029299,18.48171182,18.85,0.988311351,1.008005597
191.6875,16.5,19.67366423,19.75030297,19.35,1.003895499,0.98354835
191.7083333,17,20.6988136,21.37854455,22.35,1.032839126,1.079772031
191.7291667,17.5,21.41672476,22.10531917,22.35,1.032152181,1.043576936
191.75,18,21.9368903,22.42121486,22.35,1.022078086,1.018831735
191.7708333,18.5,21.642452,21.76708002,21.85,1.005758498,1.009589856
191.7916667,19,20.75162918,20.9195301,20.85,1.008090975,1.00474039
191.8125,19.5,20.52246344,20.37065954,19.85,0.992603037,0.967232811
191.8333333,20,20.11625245,20.15954373,19.85,1.002152055,0.986764312
191.8541667,20.5,19.4053815,19.21802957,19.35,0.990345362,0.997146075
191.875,21,19.12265117,18.82169728,18.35,0.984261916,0.959594976
191.8958333,21.5,18.07329517,17.38576938,16.85,0.961959024,0.932314768
191.9166667,22,17.44249801,16.642764,15.85,0.954150259,0.908700118
191.9375,22.5,16.80764601,16.02727056,15.35,0.953570212,0.913274827
191.9583333,23,16.40080441,15.63319213,14.85,0.953196669,0.905443393
191.9791667,23.5,16.07212248,15.40753338,14.85,0.958649575,0.923960106
192,0,15.94987066,15.26308431,14.35,0.956940945,0.899693816
192.0208333,0.5,15.57718188,14.90622674,13.85,0.956927052,0.88912103
192.0416667,1,15.26327373,14.59095467,13.85,0.955951844,0.907406907
192.0625,1.5,14.88819199,14.30820983,13.85,0.961044151,0.930267423
192.0833333,2,14.7280055,14.16106962,13.35,0.961506269,0.906436381
192.1041667,2.5,14.55780886,14.05941107,13.35,0.96576423,0.917033609
192.125,3,14.41224404,13.88854668,13.35,0.963663025,0.926295722
192.1458333,3.5,14.19212656,13.68364235,13.35,0.964171387,0.940662412
192.1666667,4,14.01019221,13.51049707,12.85,0.964333455,0.917189415
192.1875,4.5,14.00991592,13.60533323,12.85,0.97112169,0.917207503
192.2083333,5,13.92132643,13.56198994,13.35,0.974188057,0.958960346
192.2291667,5.5,14.02376216,13.62292306,12.85,0.971417149,0.916301906
192.25,6,14.40779485,14.19561535,13.35,0.985273284,0.926581766
192.2708333,6.5,15.10668115,15.29779639,14.35,1.01265104,0.949910828
192.2916667,7,16.75857831,17.54520532,16.35,1.046938768,0.975619751
192.3125,7.5,18.65364202,19.97824878,18.35,1.071010624,0.983722105
192.3333333,8,19.94375881,21.406491,19.85,1.073342854,0.995298839
192.3541667,8.5,22.62106342,24.79853041,22.35,1.096258383,0.988017211
192.375,9,25.15615674,27.78162425,25.35,1.104366797,1.007705599
192.3958333,9.5,26.43243952,29.02813007,26.85,1.098200945,1.015797274
192.4166667,10,29.34188153,32.8863869,29.85,1.120800207,1.017317174
192.4375,10.5,28.24261322,30.75485611,28.35,1.088952211,1.003802296
192.4583333,11,28.33194747,30.63722637,28.35,1.081366765,1.000637179
192.4791667,11.5,28.70226437,31.47345122,28.85,1.096549415,1.005147177
192.5,12,28.68436381,31.64589978,30.85,1.103245656,1.07549884
192.5208333,12.5,29.06788371,30.98773349,29.35,1.066047112,1.009705429
192.5416667,13,28.80692898,31.41120114,29.35,1.090404366,1.018852097
192.5625,13.5,30.5230587,34.34713331,31.85,1.125284777,1.043473405
192.5833333,14,32.06894132,36.50234931,35.85,1.13824616,1.117904069
192.6041667,14.5,34.00519842,38.42357011,36.35,1.129932243,1.06895421
192.625,15,34.19203224,39.12661289,36.35,1.144319607,1.063113176
192.6458333,15.5,34.56105608,39.96151961,37.35,1.156258637,1.080696143
192.6666667,16,34.57643546,39.81894924,37.35,1.151621002,1.080215456
192.6875,16.5,34.42642841,39.59293026,36.35,1.150073711,1.055874852
192.7083333,17,31.34059974,35.06749702,33.35,1.118915953,1.064114927
192.7291667,17.5,31.08908549,34.41608542,30.85,1.107015047,0.992309665
192.75,18,28.3591996,30.73811921,28.85,1.083885288,1.017306568
192.7708333,18.5,28.15343043,29.78388216,28.85,1.057913075,1.024741908
192.7916667,19,26.38686386,27.14548469,25.85,1.028749943,0.979654124
192.8125,19.5,25.22883776,25.9442677,24.35,1.028357626,0.965165349
192.8333333,20,23.70934603,24.12183174,23.35,1.0173976,0.984843697
192.8541667,20.5,23.45289887,23.70073367,21.85,1.010567342,0.931654553
192.875,21,22.61876491,22.78590037,21.35,1.007389239,0.943906534
192.8958333,21.5,21.7532436,21.62448599,19.85,0.994080993,0.912507595
192.9166667,22,21.20134194,20.87931695,19.35,0.984811103,0.912678077
192.9375,22.5,20.52070443,20.14036409,18.35,0.981465532,0.894218815
192.9583333,23,20.12727482,19.71644664,18.35,0.979588485,0.911698189
192.9791667,23.5,20.21090078,19.96533682,18.35,0.987849925,0.907925886
193,0,20.17059563,20.05571839,18.85,0.994304718,0.934528675
193.0208333,0.5,19.78784974,19.51738663,18.35,0.98633186,0.927336736
193.0416667,1,19.59517228,19.29804889,17.85,0.984836909,0.910938661
193.0625,1.5,19.07342732,18.72637362,17.85,0.981804334,0.935856975
193.0833333,2,18.85608472,18.46544026,17.35,0.979282843,0.920127389
193.1041667,2.5,18.35786724,17.84275456,16.35,0.971940495,0.890626334
193.125,3,17.82085859,17.24892695,16.35,0.967906617,0.917464213
193.1458333,3.5,17.72039976,17.23874923,15.85,0.972819432,0.894449347
193.1666667,4,17.17176967,16.57450957,15.85,0.965218489,0.92302659
193.1875,4.5,16.92016188,16.25719228,15.35,0.960817775,0.907201722
193.2083333,5,16.55711818,15.90635503,14.85,0.960695868,0.896895211
193.2291667,5.5,16.46441496,16.00107537,14.85,0.97185812,0.901945197
193.25,6,16.94714974,16.70127324,15.85,0.985491572,0.935260515
193.2708333,6.5,16.79022361,16.52247291,16.35,0.984053179,0.973780956
193.2916667,7,18.83951948,19.40483932,17.35,1.030007126,0.92093644
193.3125,7.5,20.28290754,21.81821378,19.85,1.075694584,0.978656535
193.3333333,8,22.19430721,23.85103578,22.35,1.074646555,1.007014988
193.3541667,8.5,24.71583732,27.08166167,24.85,1.095720987,1.005428207
193.375,9,26.91248559,29.89470448,27.35,1.110811723,1.016256931
193.3958333,9.5,28.78141243,32.02293617,29.85,1.112625597,1.037127698
193.4166667,10,30.53982771,34.23538386,31.85,1.12100776,1.042900448
193.4375,10.5,32.03608368,35.88502512,33.35,1.120143944,1.041013638
193.4583333,11,33.57081019,37.52280151,34.85,1.117721059,1.038104228
193.4791667,11.5,35.00996204,39.3166621,36.35,1.12301356,1.038275904
193.5,12,36.32807206,41.06171516,37.85,1.130302624,1.041893991
193.5208333,12.5,37.48668144,42.12280826,39.35,1.123673973,1.049706149
193.5416667,13,37.47785767,42.34702409,39.85,1.129921151,1.063294502
193.5625,13.5,38.44541854,43.65152265,40.85,1.135415462,1.062545332
193.5833333,14,40.29165683,46.27997953,41.85,1.148624384,1.038676572
193.6041667,14.5,39.60534784,45.15045671,41.85,1.140009094,1.056675481
193.625,15,39.95050151,45.82137861,41.85,1.146953777,1.047546299
193.6458333,15.5,39.42496546,45.38648094,40.35,1.151211686,1.023463167
193.6666667,16,38.44985231,44.0484967,41.35,1.145608996,1.075426758
193.6875,16.5,37.31519741,42.44452719,38.85,1.137459538,1.041130764
193.7083333,17,35.75121927,40.17205686,36.85,1.123655575,1.030734077
193.7291667,17.5,34.10011754,37.46208921,35.85,1.098591205,1.051316024
193.75,18,32.49954494,34.74888595,33.85,1.069211462,1.041553045
193.7708333,18.5,31.33040573,32.81151815,32.85,1.047273963,1.048502221
193.7916667,19,30.2905423,31.35780836,31.35,1.0352343,1.034976518
193.8125,19.5,29.38303475,30.15627546,30.35,1.02631589,1.032908964
193.8333333,20,27.67945535,28.00058798,27.35,1.011601841,0.988097477
193.8541667,20.5,26.49739402,26.6397144,25.35,1.005371109,0.956697854
193.875,21,25.33602052,25.28692191,23.85,0.998062103,0.941347517
193.8958333,21.5,24.78073621,24.66817839,23.35,0.99545785,0.942264177
193.9166667,22,24.29759327,24.19468909,22.85,0.995764841,0.94042236
193.9375,22.5,23.90841146,23.84915813,22.35,0.997521653,0.93481744
193.9583333,23,23.79114933,23.74834017,22.35,0.998200627,0.939424981
193.9791667,23.5,23.45055153,23.33070229,21.85,0.994889278,0.931747809